"","p_val","avg_log2FC","pct.1","pct.2","p_val_adj","gene_ID"
"Chir04Ox-b29930.2",0.136164251424759,0.302891702774815,0.103,0.056,1,"Chir04Ox-b29930.2"
"Chir03Ox-b05170.2",0.066129934233587,0.277503291807569,0.129,0.064,1,"Chir03Ox-b05170.2"
"Chir04Ox-b20700.2",0.210505172989789,0.340827555362837,0.113,0.072,1,"Chir04Ox-b20700.2"
"Chir06Ox-b13540.2",0.506521361219624,0.394845949070672,0.103,0.08,1,"Chir06Ox-b13540.2"
"Chir02Ox-b10280.2",0.0636012384231524,0.270367944971903,0.16,0.088,1,"Chir02Ox-b10280.2"
