"","p_val","avg_log2FC","pct.1","pct.2","p_val_adj","gene_ID"
"Chir03Ox-b05170.2",4.86331081851711e-11,0.342925778228946,0.107,0.055,9.61622448145388e-07,"Chir03Ox-b05170.2"
