"","ID","Description","GeneRatio","BgRatio","pvalue","p.adjust","qvalue","geneID","Count"
"GO:0102336","GO:0102336","3-oxo-arachidoyl-CoA synthase activity","5/306","23/21875",1.41849132324074e-05,0.00100003638288472,0.000862293409654238,"DAISY/KCS3/AtCER6/FDH/KCS20",5
"GO:0102337","GO:0102337","3-oxo-cerotoyl-CoA synthase activity","5/306","23/21875",1.41849132324074e-05,0.00100003638288472,0.000862293409654238,"DAISY/KCS3/AtCER6/FDH/KCS20",5
"GO:0102338","GO:0102338","3-oxo-lignoceronyl-CoA synthase activity","5/306","23/21875",1.41849132324074e-05,0.00100003638288472,0.000862293409654238,"DAISY/KCS3/AtCER6/FDH/KCS20",5
"GO:0102756","GO:0102756","very-long-chain 3-ketoacyl-CoA synthase activity","5/306","23/21875",1.41849132324074e-05,0.00100003638288472,0.000862293409654238,"DAISY/KCS3/AtCER6/FDH/KCS20",5
"GO:0003996","GO:0003996","acyl-CoA ligase activity","3/306","10/21875",0.000302415342276097,0.0101146830410835,0.00872150721347628,"LACS2/LACS3/CER8",3
"GO:0004467","GO:0004467","long-chain fatty acid-CoA ligase activity","3/306","10/21875",0.000302415342276097,0.0101146830410835,0.00872150721347628,"LACS2/LACS3/CER8",3
"GO:0016854","GO:0016854","racemase and epimerase activity","5/306","43/21875",0.00032280903322607,0.0101146830410835,0.00872150721347628,"ATMUM4/UGE3/NA/ATECI3/ATUGE2",5
"GO:0016829","GO:0016829","lyase activity","13/306","343/21875",0.00116090569044015,0.0271308940260643,0.0233939399776814,"ATMUM4/EDA17/ATRHM1/AXS1/FBA6/NA/PLL18/UXS5/NA/ATECI3/PCK1/AtGGCT2;1/CER3",13
"GO:0016614","GO:0016614","oxidoreductase activity, acting on CH-OH group of donors","9/306","202/21875",0.00223952518961325,0.0451104359622098,0.0388970164511776,"NA/ATMUM4/EDA17/AtCRL1/NA/AKR4C9/GPDHC1/BEN1/ATCAD9",9
