"","p_val","avg_log2FC","pct.1","pct.2","p_val_adj","gene_ID"
"Chir06Ox-b36940.2",0.00197730993758426,0.258914115204247,0.163,0,1,"Chir06Ox-b36940.2"
"Chir06Ox-b24640.2",0.00802707969916995,0.254570729928435,0.122,0,1,"Chir06Ox-b24640.2"
"Chir02Ox-b20950.2",0.117359693332081,0.413273692337524,0.143,0.055,1,"Chir02Ox-b20950.2"
"Chir08Ox-b21530.2",0.330810957818279,0.389941628706727,0.102,0.055,1,"Chir08Ox-b21530.2"
"Chir01Ox-b08850.2",0.00157707063737075,0.268678343381135,0.306,0.073,1,"Chir01Ox-b08850.2"
"Chir06Ox-b08920.2",0.077034989739733,0.261048476907163,0.184,0.073,1,"Chir06Ox-b08920.2"
"Chir01Ox-b40890.2",0.213378330815075,0.849242398025141,0.143,0.073,1,"Chir01Ox-b40890.2"
"Chir06Ox-b28190.2",0.000237848927974378,0.346181606872539,0.49,0.164,1,"Chir06Ox-b28190.2"
"Chir07Ox-b07380.2",7.99257306926496e-05,0.435064665521424,0.612,0.255,1,"Chir07Ox-b07380.2"
