"","ID","Description","GeneRatio","BgRatio","pvalue","p.adjust","qvalue","geneID","Count"
"GO:0031012","GO:0031012","extracellular matrix","2/25","21/25124",0.000197321513157065,0.00167552962652109,0.000440928849084497,"ATGER1/ATGER3",2
"GO:0048046","GO:0048046","apoplast","4/25","301/25124",0.000209441203315136,0.00167552962652109,0.000440928849084497,"ATCAT3/AGT/NA/ATGER3",4
"GO:0009535","GO:0009535","chloroplast thylakoid membrane","3/25","329/25124",0.00413339979091804,0.0146027917704454,0.00384283993959091,"LHB1B1/NA/CCL",3
"GO:0055035","GO:0055035","plastid thylakoid membrane","3/25","335/25124",0.00434731534182251,0.0146027917704454,0.00384283993959091,"LHB1B1/NA/CCL",3
"GO:0042651","GO:0042651","thylakoid membrane","3/25","363/25124",0.00543446606966426,0.0146027917704454,0.00384283993959091,"LHB1B1/NA/CCL",3
"GO:0034357","GO:0034357","photosynthetic membrane","3/25","364/25124",0.00547604691391704,0.0146027917704454,0.00384283993959091,"LHB1B1/NA/CCL",3
"GO:0099503","GO:0099503","secretory vesicle","2/25","174/25124",0.0128865049400487,0.0229093421156421,0.00602877424095844,"ATGER3/DIR1-like",2
