"","ID","Description","GeneRatio","BgRatio","pvalue","p.adjust","qvalue","geneID","Count"
"GO:0102336","GO:0102336","3-oxo-arachidoyl-CoA synthase activity","8/284","23/21875",3.0293187091078e-10,1.98420375446561e-08,1.67409718134905e-08,"KCS1/AtCER6/KCS8/FDH/KCS12/KCS16/KCS19/KCS20",8
"GO:0102337","GO:0102337","3-oxo-cerotoyl-CoA synthase activity","8/284","23/21875",3.0293187091078e-10,1.98420375446561e-08,1.67409718134905e-08,"KCS1/AtCER6/KCS8/FDH/KCS12/KCS16/KCS19/KCS20",8
"GO:0102338","GO:0102338","3-oxo-lignoceronyl-CoA synthase activity","8/284","23/21875",3.0293187091078e-10,1.98420375446561e-08,1.67409718134905e-08,"KCS1/AtCER6/KCS8/FDH/KCS12/KCS16/KCS19/KCS20",8
"GO:0102756","GO:0102756","very-long-chain 3-ketoacyl-CoA synthase activity","8/284","23/21875",3.0293187091078e-10,1.98420375446561e-08,1.67409718134905e-08,"KCS1/AtCER6/KCS8/FDH/KCS12/KCS16/KCS19/KCS20",8
"GO:0008289","GO:0008289","lipid binding","14/284","269/21875",1.23860533176991e-05,0.000649029193847432,0.000547593936150907,"HDG2/HDG12/MLP423/LTPG1/ANNAT4/LTPG2/NA/PDF2/ATML1/ML3/NA/NA/FL1/HB-7",14
"GO:0003996","GO:0003996","acyl-CoA ligase activity","3/284","10/21875",0.000242867930585722,0.00707015531260658,0.00596517724245633,"LACS2/LACS3/CER8",3
"GO:0004467","GO:0004467","long-chain fatty acid-CoA ligase activity","3/284","10/21875",0.000242867930585722,0.00707015531260658,0.00596517724245633,"LACS2/LACS3/CER8",3
"GO:0004364","GO:0004364","glutathione transferase activity","5/284","59/21875",0.00100559479713938,0.0219554864042099,0.0185241146841465,"ATGSTU17/ATGSTU26/ATGSTU13/ATGSTF10/ATGSTU27",5
