"","ID","Description","GeneRatio","BgRatio","pvalue","p.adjust","qvalue","geneID","Count"
"GO:0010168","GO:0010168","ER body","6/326","12/25124",3.94467184390708e-09,3.03739731980845e-07,2.86507744452199e-07,"ERMO3/BGLU23/NAI2/NA/ML3/MEB2",6
"GO:0048046","GO:0048046","apoplast","19/326","301/25124",1.75302977961806e-08,6.74916465152954e-07,6.36626604177085e-07,"NA/BGLU40/GDSL1/ANN1/SKS6/CLE17/CLE13/sks5/NA/CLE16/ARPN/AtPNP-A/ATGSTF10/NA/RALFL24/ATPCB/NA/ATCAD9/ATSBT1.3",19
"GO:0009986","GO:0009986","cell surface","5/326","19/25124",3.57239567295832e-06,9.16914889392634e-05,8.64895794505697e-05,"ABCG11/ANNAT4/ANN3/ACR4/ANNAT2",5
"GO:0099503","GO:0099503","secretory vesicle","10/326","174/25124",9.73036375360064e-05,0.00187309502256812,0.00176682920789064,"LTPG1/SKS6/ATTLL1/sks5/ARPN/PLAT2/NAI2/ATPCB/NA/ML3",10
"GO:0009505","GO:0009505","plant-type cell wall","10/326","235/25124",0.00105524154206326,0.0162507197477742,0.015328771874182,"LTPG1/NA/BDG1/NA/AtLtpI-5/ATGRP-5/ATPCB/PME34/BDX/DGR2",10
"GO:0031012","GO:0031012","extracellular matrix","3/326","21/25124",0.00242067861125059,0.0310653755110493,0.0293029516098756,"AT3-MMP/ARPN/ATPSK3",3
