"","p_val","avg_log2FC","pct.1","pct.2","p_val_adj","gene_ID"
"Chir03Ox-b22850.2",5.86746466147201e-179,0.843895002288766,0.582,0.277,1.16017378751286e-174,"Chir03Ox-b22850.2"
