"","p_val","avg_log2FC","pct.1","pct.2","p_val_adj","gene_ID"
"Chir04Ox-b28030.2",2.43273954081409e-12,0.263622020400521,0.134,0.067,4.8102558940517e-08,"Chir04Ox-b28030.2"
