"","p_val","avg_log2FC","pct.1","pct.2","p_val_adj","gene_ID"
"Chir03Ox-b10440.2",8.65940419209414e-58,0.273243103175696,0.114,0.006,1.71222399090277e-53,"Chir03Ox-b10440.2"
"Chir01Ox-b40890.2",1.87597316047637e-86,1.12071025485441,0.221,0.032,3.70936173020993e-82,"Chir01Ox-b40890.2"
"Chir04Ox-b17390.2",2.84244908603079e-45,0.288229549716573,0.159,0.037,5.62037457780868e-41,"Chir04Ox-b17390.2"
"Chir02Ox-b20340.2",4.59256918666731e-95,0.745437531771867,0.243,0.038,9.08088705279726e-91,"Chir02Ox-b20340.2"
"Chir05Ox-b14380.2",3.68402608425938e-77,0.48629918242729,0.242,0.05,7.28442477640607e-73,"Chir05Ox-b14380.2"
"Chir05Ox-b05920.2",4.56642064602197e-120,1.53322240731818,0.316,0.057,9.02918354337924e-116,"Chir05Ox-b05920.2"
"Chir01Ox-b41230.2",1.81007903731461e-154,1.92798124578747,0.508,0.148,3.57906928048218e-150,"Chir01Ox-b41230.2"
"Chir05Ox-b04030.2",3.2679768808355e-106,0.64179434455813,0.653,0.341,6.46177068647604e-102,"Chir05Ox-b04030.2"
