"","p_val","avg_log2FC","pct.1","pct.2","p_val_adj","gene_ID"
"Chir04Ox-b21260.2",1.84152749981325e-18,0.362981472421546,0.183,0.058,3.64125232538074e-14,"Chir04Ox-b21260.2"
