"","ID","Description","GeneRatio","BgRatio","pvalue","p.adjust","qvalue","geneID","Count"
"GO:0010168","GO:0010168","ER body","2/31","12/25124",9.64992818490433e-05,0.00144748922773565,0.000507890957100228,"ATBG1/MEB1",2
"GO:0005777","GO:0005777","peroxisome","4/31","324/25124",0.000648942578196981,0.00214483501985326,0.000752573691176582,"ATBG1/AtTSA1/DHNS/AGT",4
"GO:0042579","GO:0042579","microbody","4/31","324/25124",0.000648942578196981,0.00214483501985326,0.000752573691176582,"ATBG1/AtTSA1/DHNS/AGT",4
"GO:0009535","GO:0009535","chloroplast thylakoid membrane","4/31","329/25124",0.00068717539566781,0.00214483501985326,0.000752573691176582,"AtTSA1/LHB1B1/ATBCA1/ATLOX2",4
"GO:0055035","GO:0055035","plastid thylakoid membrane","4/31","335/25124",0.000735136156667346,0.00214483501985326,0.000752573691176582,"AtTSA1/LHB1B1/ATBCA1/ATLOX2",4
"GO:0042651","GO:0042651","thylakoid membrane","4/31","363/25124",0.000990774376078133,0.00214483501985326,0.000752573691176582,"AtTSA1/LHB1B1/ATBCA1/ATLOX2",4
"GO:0034357","GO:0034357","photosynthetic membrane","4/31","364/25124",0.00100092300926485,0.00214483501985326,0.000752573691176582,"AtTSA1/LHB1B1/ATBCA1/ATLOX2",4
