"","p_val","avg_log2FC","pct.1","pct.2","p_val_adj","gene_ID"
"Chir07Ox-b26220.2",0.00832607305787782,0.594966026176458,0.143,0.086,1,"Chir07Ox-b26220.2"
"Chir04Ox-b28020.2",6.65617047561278e-06,0.325408556902017,0.197,0.089,0.131612458814292,"Chir04Ox-b28020.2"
"Chir03Ox-b17430.2",2.08946510435038e-26,0.438586581431814,0.483,0.154,4.13149935083201e-22,"Chir03Ox-b17430.2"
