"","p_val","avg_log2FC","pct.1","pct.2","p_val_adj","gene_ID"
"Chir08Ox-b13980.2",8.53335133560542e-06,0.425596416792294,0.125,0.05,0.168729955958926,"Chir08Ox-b13980.2"
"Chir04Ox-b17390.2",2.03064864002662e-05,0.363750590102938,0.151,0.072,0.401520155592464,"Chir04Ox-b17390.2"
"Chir08Ox-b02080.2",0.115814066777761,0.406757448650103,0.107,0.08,1,"Chir08Ox-b02080.2"
"Chir05Ox-b03710.2",1.85852571683512e-08,0.874293222395596,0.208,0.088,0.000367486289989808,"Chir05Ox-b03710.2"
"Chir07Ox-b33070.2",0.0982363249352218,0.286520586558776,0.122,0.092,1,"Chir07Ox-b33070.2"
"Chir01Ox-b41240.2",2.27202299372303e-05,0.329288098410904,0.184,0.093,0.449247106548854,"Chir01Ox-b41240.2"
"Chir01Ox-b41230.2",0.00020643887235366,0.367064521322194,0.181,0.1,1,"Chir01Ox-b41230.2"
"Chir05Ox-b22900.2",0.684887535354066,0.933033551233838,0.104,0.1,1,"Chir05Ox-b22900.2"
"Chir01Ox-b08130.2",0.955237613058303,0.494103640886055,0.098,0.1,1,"Chir01Ox-b08130.2"
