"","p_val","avg_log2FC","pct.1","pct.2","p_val_adj","gene_ID"
"Chir06Ox-b16730.2",0.00083257021530812,0.282616904113544,0.12,0.075,1,"Chir06Ox-b16730.2"
"Chir07Ox-b26230.2",0.000236678295249851,0.268841707263634,0.136,0.083,1,"Chir07Ox-b26230.2"
"Chir01Ox-b15010.2",0.394559950423441,0.300976490953516,0.101,0.091,1,"Chir01Ox-b15010.2"
