"","p_val","avg_log2FC","pct.1","pct.2","p_val_adj","gene_ID"
"Chir07Ox-b26220.2",1.49951662477419e-18,0.328828109442726,0.153,0.067,2.96499422216601e-14,"Chir07Ox-b26220.2"
"Chir01Ox-b36180.2",1.00080008181849e-16,0.32316693849032,0.164,0.079,1.9788820017797e-12,"Chir01Ox-b36180.2"
"Chir04Ox-b25580.2",2.0800120630106e-18,0.410580100137693,0.19,0.095,4.11280785219087e-14,"Chir04Ox-b25580.2"
