"","ID","Description","GeneRatio","BgRatio","pvalue","p.adjust","qvalue","geneID","Count"
"GO:0048046","GO:0048046","apoplast","17/277","301/25124",4.75512713846257e-08,2.52021738338516e-06,2.20237467465635e-06,"NA/CLE43/BGLU40/GDSL1/SKS6/GDPDL1/CLE17/sks5/NA/CLE16/ARPN/AtPNP-A/ATGSTF10/NA/NA/ATCAD9/ATSBT1.3",17
"GO:0009986","GO:0009986","cell surface","5/277","19/25124",1.61003942195536e-06,4.26660446818171e-05,3.72851234558084e-05,"ABCG11/ANNAT4/ANN3/ACR4/ANNAT2",5
"GO:0010168","GO:0010168","ER body","3/277","12/25124",0.000270951162867104,0.00478680387731883,0.00418310567233423,"ERMO3/NA/ML3",3
"GO:0046658","GO:0046658","anchored component of plasma membrane","7/277","174/25124",0.00326848862032373,0.031719752563455,0.0277193468280441,"LTPG1/NA/GDPDL1/NA/ARPN/NA/LTPG2",7
"GO:0099503","GO:0099503","secretory vesicle","7/277","174/25124",0.00326848862032373,0.031719752563455,0.0277193468280441,"LTPG1/SKS6/GDPDL1/sks5/ARPN/PLAT2/ML3",7
"GO:0000325","GO:0000325","plant-type vacuole","7/277","177/25124",0.00359091538454208,0.031719752563455,0.0277193468280441,"ERMO3/NA/ATGRP-5/A11/ATCCH1/ATCHS/ML3",7
