"","ID","Description","GeneRatio","BgRatio","pvalue","p.adjust","qvalue","geneID","Count"
"GO:0005802","GO:0005802","trans-Golgi network","1/8","313/25124",0.0954391966815048,0.11794341012663,0.11794341012663,"FKD1",1
"GO:0098791","GO:0098791","Golgi apparatus subcompartment","1/8","391/25124",0.11794341012663,0.11794341012663,0.11794341012663,"FKD1",1
