"","p_val","avg_log2FC","pct.1","pct.2","p_val_adj","gene_ID"
"Chir03Ox-b08480.2",2.83152689191572e-09,0.402588489491213,0.164,0.077,5.59877812338496e-05,"Chir03Ox-b08480.2"
