"","ID","Description","GeneRatio","BgRatio","pvalue","p.adjust","qvalue","geneID","Count"
"GO:0008017","GO:0008017","microtubule binding","32/185","162/21875",8.26922548004643e-35,1.91019108589073e-32,1.74088957474662e-32,"AtTPX2/ATNACK1/NA/CORD4/ZCF125/NA/NA/NA/RSW7/NA/EDE1/NA/NA/KINESIN-12B/NA/ADL1E/ATK5/CORD3/PAKRP2/NA/TPXL3/NA/NA/MPB2C/NA/NA/NA/ADL1/ATMAP65-3/NA/NA/ATEB1C",32
"GO:0003777","GO:0003777","microtubule motor activity","20/185","65/21875",2.49426525947591e-26,1.44043818734734e-24,1.31277118919785e-24,"ATNACK1/NA/ZCF125/NA/NA/NA/RSW7/NA/NA/NA/KINESIN-12B/NA/ATK5/PAKRP2/NA/NA/NA/NA/NA/NA",20
"GO:0019887","GO:0019887","protein kinase regulator activity","10/185","92/21875",5.80458375460985e-09,1.91551263902125e-07,1.74573947507063e-07,"AtTPX2/CYCB2;3/CYCB2;4/CYCB2;1/CYC2/TPXL3/CYCB2;2/CYC1/CYC1BAT/NA",10
"GO:0042973","GO:0042973","glucan endo-1,3-beta-D-glucosidase activity","4/185","51/21875",0.000907376407538796,0.0174669958451218,0.0159188843427859,"NA/NA/NA/NA",4
"GO:0009055","GO:0009055","electron transfer activity","6/185","159/21875",0.00236642515881209,0.0364429474457062,0.033212984685082,"NA/AtENODL14/AtENODL15/NA/NA/AtENODL13",6
"GO:0010997","GO:0010997","anaphase-promoting complex binding","2/185","10/21875",0.00306152921920009,0.041600779390307,0.0379136745411775,"AtCDC20.1/CCS52B",2
