"","p_val","avg_log2FC","pct.1","pct.2","p_val_adj","gene_ID"
"Chir04Ox-b02300.2",2.52039200778377e-07,0.651667230214483,0.109,0.015,0.00498357111699085,"Chir04Ox-b02300.2"
"Chir01Ox-b41230.2",0.00198558738059767,0.52075440047294,0.104,0.04,1,"Chir01Ox-b41230.2"
"Chir06Ox-b09400.2",0.00012550665891457,0.767112851358781,0.148,0.054,1,"Chir06Ox-b09400.2"
"Chir02Ox-b03290.2",0.00073396557751904,0.454457391925553,0.153,0.067,1,"Chir02Ox-b03290.2"
"Chir08Ox-b27410.2",0.0356000938995134,0.39634744613107,0.12,0.072,1,"Chir08Ox-b27410.2"
"Chir07Ox-b25700.2",0.00989737644774465,0.349543035263136,0.158,0.089,1,"Chir07Ox-b25700.2"
"Chir05Ox-b01200.2",0.335584690797957,0.374247850397035,0.12,0.094,1,"Chir05Ox-b01200.2"
"Chir06Ox-b22130.2",0.70011975139353,0.679091720243728,0.104,0.099,1,"Chir06Ox-b22130.2"
