"","p_val","avg_log2FC","pct.1","pct.2","p_val_adj","gene_ID"
"Chir02Ox-b02960.2",0.0159008886768941,0.278284073367272,0.124,0.06,1,"Chir02Ox-b02960.2"
"Chir04Ox-b29570.2",0.00174778894375734,0.569003352314912,0.161,0.066,1,"Chir04Ox-b29570.2"
"Chir02Ox-b17390.2",0.0655170427305139,0.419417634632171,0.116,0.066,1,"Chir02Ox-b17390.2"
"Chir02Ox-b25980.2",0.0201581410303794,0.259429548437498,0.136,0.071,1,"Chir02Ox-b25980.2"
"Chir02Ox-b20950.2",0.120368128519229,0.415007533432632,0.124,0.082,1,"Chir02Ox-b20950.2"
"Chir07Ox-b10270.2",5.46860460539694e-05,0.30759344123277,0.228,0.093,1,"Chir07Ox-b10270.2"
"Chir07Ox-b26220.2",0.076774682670234,0.615752219630041,0.151,0.098,1,"Chir07Ox-b26220.2"
"Chir03Ox-b31430.2",1.41010484034512e-16,0.935263250975551,0.624,0.306,2.78820030081441e-12,"Chir03Ox-b31430.2"
