"","ID","Description","GeneRatio","BgRatio","pvalue","p.adjust","qvalue","geneID","Count"
"GO:0000322","GO:0000322","storage vacuole","2/68","12/25124",0.000468123822457076,0.00561748586948491,0.0049276191837587,"GAMMA-TIP/AQP1",2
"GO:0000326","GO:0000326","protein storage vacuole","2/68","12/25124",0.000468123822457076,0.00561748586948491,0.0049276191837587,"GAMMA-TIP/AQP1",2
