"","ID","Description","GeneRatio","BgRatio","pvalue","p.adjust","qvalue","geneID","Count"
"GO:0016651","GO:0016651","oxidoreductase activity, acting on NAD(P)H","3/28","94/21875",0.000232860637711966,0.0102458680593265,0.00759861028323258,"NDH-O/CYP84A1/NdhN",3
"GO:0045735","GO:0045735","nutrient reservoir activity","2/28","44/21875",0.00144575812288238,0.0212044524689416,0.0157257901085452,"ATGER1/ATGER3",2
"GO:0030145","GO:0030145","manganese ion binding","2/28","53/21875",0.00209104998546729,0.0230015498401401,0.0170585656709173,"ATGER1/ATGER3",2
"GO:0005509","GO:0005509","calcium ion binding","3/28","263/21875",0.00450708395758272,0.039662338826728,0.0294146531968557,"PnsL2/ATSPLA2-ALPHA/PnsL1",3
