"","ID","Description","GeneRatio","BgRatio","pvalue","p.adjust","qvalue","geneID","Count"
"GO:0001216","GO:0001216","DNA-binding transcription activator activity","8/264","74/21875",3.06583098810735e-06,0.000680614479359831,0.000642210912245644,"NA/AtbHLH112/UKTF1/DROP1/ATBZIP12/NA/bhlh68/DROP2",8
"GO:0080161","GO:0080161","auxin transmembrane transporter activity","4/264","19/21875",6.9682181358857e-05,0.00515648142055542,0.00486552775102194,"ATPIN1/PIN6/LAX3/AtAUX1",4
"GO:0032029","GO:0032029","myosin tail binding","3/264","14/21875",0.000573261487531705,0.0181805786045769,0.0171547422584676,"MyoB1/MyoB2/MyoB3",3
"GO:0032036","GO:0032036","myosin heavy chain binding","3/264","14/21875",0.000573261487531705,0.0181805786045769,0.0171547422584676,"MyoB1/MyoB2/MyoB3",3
"GO:0080115","GO:0080115","myosin XI tail binding","3/264","14/21875",0.000573261487531705,0.0181805786045769,0.0171547422584676,"MyoB1/MyoB2/MyoB3",3
