"","ID","Description","GeneRatio","BgRatio","pvalue","p.adjust","qvalue","geneID","Count"
"GO:0003735","GO:0003735","structural constituent of ribosome","59/178","290/21875",7.38632963213675e-67,1.25567603746325e-64,1.13516223820207e-64,"RPS15/EMB2394/EMB2784/NA/PRPL34/PRPL11/RPL21C/ARP1/EMB3105/PRPS6/NA/PSRP3/1/RPS9/emb2184/emb1473/CS17/PRPL35/NA/PRPL28/EMB3113/NA/RPL16A/PRPL3/NA/AML1/PRPS10/PRPS20/RFC3/ATL5/RPL15/GHS1/RPL12-C/RPL9/EMB1080/ATBBC1/NA/NA/RPL24/NA/PRPL17/EMB3126/PRPL5/NA/NA/NA/NA/RPL4/NA/EMB3136/EMB3137/NA/PSRP6/EVR1L1/RPL18C/NA/RPP1.3/RPL24/NA/PRPL29",59
"GO:0019843","GO:0019843","rRNA binding","12/178","61/21875",7.14085107379325e-14,4.04648227514951e-12,3.65812019920637e-12,"PRPL11/EMB3105/PRPS6/NA/AML1/PRPS20/RFC3/ATL5/NA/NA/NA/PSRP6",12
"GO:0043021","GO:0043021","ribonucleoprotein complex binding","5/178","81/21875",0.000524270100048356,0.0178251834016441,0.0161144072856968,"ATARCA/RACK1B/BDS2/emb2726/RPP1.3",5
"GO:0008266","GO:0008266","poly(U) RNA binding","3/178","29/21875",0.00165669475683101,0.0456254025153979,0.0412464939148489,"EMB2784/NA/ATRBP31",3
"GO:0016776","GO:0016776","phosphotransferase activity, phosphate group as acceptor","3/178","32/21875",0.00220898675430159,0.0456254025153979,0.0412464939148489,"PUMPKIN/ATNDK1/ATNDPK2",3
"GO:0031386","GO:0031386","protein tag","3/178","32/21875",0.00220898675430159,0.0456254025153979,0.0412464939148489,"NA/RPL40A/ATSUMO1",3
"GO:0008187","GO:0008187","poly-pyrimidine tract binding","3/178","33/21875",0.0024154624861093,0.0456254025153979,0.0412464939148489,"EMB2784/NA/ATRBP31",3
