"","p_val","avg_log2FC","pct.1","pct.2","p_val_adj","gene_ID"
"Chir06Ox-b16730.2",2.63369593482319e-06,0.35459364079806,0.113,0.072,0.0520760697192588,"Chir06Ox-b16730.2"
