"","p_val","avg_log2FC","pct.1","pct.2","p_val_adj","gene_ID"
"Chir03Ox-b05170.2",0.00207448579611241,0.351688379346467,0.109,0.064,1,"Chir03Ox-b05170.2"
"Chir07Ox-b26230.2",4.48896233088265e-07,0.334354275534333,0.158,0.074,0.00887602521685426,"Chir07Ox-b26230.2"
"Chir07Ox-b26220.2",6.36087442153193e-08,0.505848195932148,0.176,0.084,0.00125773569936951,"Chir07Ox-b26220.2"
"Chir01Ox-b36180.2",1.13498800050361e-06,0.289254903008506,0.168,0.084,0.0224421177339578,"Chir01Ox-b36180.2"
"Chir06Ox-b25540.2",2.87787877503656e-05,0.319409921625205,0.175,0.098,0.569042970187979,"Chir06Ox-b25540.2"
