"","ID","Description","GeneRatio","BgRatio","pvalue","p.adjust","qvalue","geneID","Count"
"GO:0000325","GO:0000325","plant-type vacuole","5/43","177/25124",1.27082465317556e-05,0.000139790711849312,8.0262609674246e-05,"ALMT6/ABCC2/A11/ATCHS/ATGSTF12",5
"GO:0009705","GO:0009705","plant-type vacuole membrane","4/43","129/25124",7.00948778313549e-05,0.000385521828072452,0.000221352245783226,"ALMT6/A11/ATCHS/ATGSTF12",4
"GO:0031312","GO:0031312","extrinsic component of organelle membrane","2/43","14/25124",0.000256997453236733,0.000942323995201355,0.00054104726997207,"A11/DFR",2
"GO:0019898","GO:0019898","extrinsic component of membrane","2/43","76/25124",0.00752582097409227,0.0206960076787537,0.0118828752222509,"A11/DFR",2
