"","ID","Description","GeneRatio","BgRatio","pvalue","p.adjust","qvalue","geneID","Count"
"GO:0016872","GO:0016872","intramolecular lyase activity","2/40","12/21875",0.000212697241243428,0.00982909362850177,0.00643776892627016,"A11/AtCHIL",2
"GO:0080043","GO:0080043","quercetin 3-O-glucosyltransferase activity","3/40","64/21875",0.000218424302855595,0.00982909362850177,0.00643776892627016,"BRT1/NA/UGT78D2",3
"GO:0016747","GO:0016747","transferase activity, transferring acyl groups other than amino-acyl groups","5/40","371/21875",0.000551712731801205,0.0165513819540362,0.010840671221357,"NA/SCPL9/AT5MAT/ATCHS/KAT5",5
"GO:0051213","GO:0051213","dioxygenase activity","3/40","115/21875",0.00121358706675026,0.0218445672015046,0.0143075527869504,"LBO1/F3'H/ANS",3
"GO:0008194","GO:0008194","UDP-glycosyltransferase activity","4/40","280/21875",0.00167102128477267,0.0250653192715901,0.0164170512188192,"BRT1/NA/UGT78D2/UF3GT",4
"GO:0016616","GO:0016616","oxidoreductase activity, acting on the CH-OH group of donors, NAD or NADP as acceptor","3/40","168/21875",0.00356866841511456,0.0401475196700388,0.0262954514797915,"ATCAD4/NA/DFR",3
