"","ID","Description","GeneRatio","BgRatio","pvalue","p.adjust","qvalue","geneID","Count"
"GO:0046982","GO:0046982","protein heterodimerization activity","10/41","125/21875",2.48407399859745e-14,1.01847033942495e-12,5.75259241780461e-13,"CENH3/G-H2AX/NA/NA/H2A.Z/HTA13/H2A.Z/HTA2/h2a.w.6/HTB4",10
"GO:0003682","GO:0003682","chromatin binding","7/41","171/21875",2.8343550472634e-08,5.81042784688998e-07,3.28188479156815e-07,"HMGA/HMG/ORTH2/CMT1/H1.2/EMB2795/h2a.w.6",7
"GO:0031491","GO:0031491","nucleosome binding","2/41","26/21875",0.00108260560007814,0.0147956098677346,0.00835695550937512,"HMGA/H1.2",2
"GO:0031490","GO:0031490","chromatin DNA binding","2/41","38/21875",0.00230868563939272,0.0236640278037754,0.0133660747543789,"HMGA/H1.2",2
"GO:0016538","GO:0016538","cyclin-dependent protein serine/threonine kinase regulator activity","2/41","53/21875",0.00444579162137089,0.0364554912952413,0.0205910348779283,"CYCA3;2/CYCA3;1",2
"GO:0140097","GO:0140097","catalytic activity, acting on DNA","3/41","197/21875",0.00596258080010209,0.0407443021340309,0.02301346975478,"CMT1/PSF2/ATRAD51",3
